insert into usuario(ID,nombreP,apellidoP,nombreU) values 
('5261f9e8-47ff-11ee-9a6a-f8b291c11216','ShGarcia','Shaeleigh','Garcia'),
('5261fbf2-47ff-11ee-9a6a-f8b291c11216','BrLima','Brennan','Lima'),
('5261fd2e-47ff-11ee-9a6a-f8b291c11216','ReGuimar','Reuben','Guimaraes'),
('5261fd94-47ff-11ee-9a6a-f8b291c11216','MaDiem','Mari','Diem'),
('5261fde7-47ff-11ee-9a6a-f8b291c11216','RhFerrei','Rhona','Ferreira'),
('5261fe38-47ff-11ee-9a6a-f8b291c11216','VeLopez','Veda','Lopez'),
('5261fe8a-47ff-11ee-9a6a-f8b291c11216','HiJara','Hilary','Jara'),
('5261fed1-47ff-11ee-9a6a-f8b291c11216','JaChaves','Jayme','Chaves'),
('5261ff22-47ff-11ee-9a6a-f8b291c11216','TaNoguei','Tate','Nogueira'),
('5261ff70-47ff-11ee-9a6a-f8b291c11216','YedaLuz','Yen','da Luz'),
('5261ffc1-47ff-11ee-9a6a-f8b291c11216','AqSofia','Aquila','Sofia'),
('5262000b-47ff-11ee-9a6a-f8b291c11216','ElCustod','Eliana','Custodio'),
('52620056-47ff-11ee-9a6a-f8b291c11216','OddeSou','Odysseus','de Sousa'),
('5262009d-47ff-11ee-9a6a-f8b291c11216','JoRenato','Joelle','Renato'),
('526200e6-47ff-11ee-9a6a-f8b291c11216','RoRenato','Roanna','Renato'),
('5262012d-47ff-11ee-9a6a-f8b291c11216','UlFelix','Ulysses','Felix'),
('52620178-47ff-11ee-9a6a-f8b291c11216','AbTrinda','Abdul','Trindade'),
('526201bf-47ff-11ee-9a6a-f8b291c11216','TeVergar','Teegan','Vergara'),
('52620205-47ff-11ee-9a6a-f8b291c11216','MaFeitos','Mary','Feitosa'),
('5262024c-47ff-11ee-9a6a-f8b291c11216','BrdeMor','Brock','de Moraes'),
('52620297-47ff-11ee-9a6a-f8b291c11216','IgMirand','Igor','Miranda'),
('526202df-47ff-11ee-9a6a-f8b291c11216','AuRamire','Audra','Ramirez'),
('52620329-47ff-11ee-9a6a-f8b291c11216','CaBraga','Cain','Braga'),
('5262036f-47ff-11ee-9a6a-f8b291c11216','NeFranci','Nell','Francisco'),
('526203b6-47ff-11ee-9a6a-f8b291c11216','MaPaiva','Mary','Paiva'),
('526203ff-47ff-11ee-9a6a-f8b291c11216','GrSántos','Graham','Sántos'),
('52620446-47ff-11ee-9a6a-f8b291c11216','WeZavala','Wesley','Zavala'),
('5262048e-47ff-11ee-9a6a-f8b291c11216','EtBastia','Ethan','Bastian'),
('526204d8-47ff-11ee-9a6a-f8b291c11216','HiCunha','Hillary','Cunha'),
('5262051f-47ff-11ee-9a6a-f8b291c11216','MaBorges','Marshall','Borges'),
('5262056b-47ff-11ee-9a6a-f8b291c11216','HiFloren','Hiroko','Florencia'),
('526205b4-47ff-11ee-9a6a-f8b291c11216','QudaSilv','Quintessa','daSilveira'),
('526205fe-47ff-11ee-9a6a-f8b291c11216','LeAmaral','Leilani','Amaral'),
('5262064a-47ff-11ee-9a6a-f8b291c11216','MaAzizi','Marsden','Azizi'),
('52620693-47ff-11ee-9a6a-f8b291c11216','BeJuan','Berk','Juan'),
('526206dc-47ff-11ee-9a6a-f8b291c11216','AlLeite','Alyssa','Leite'),
('52620724-47ff-11ee-9a6a-f8b291c11216','KeAntune','Keaton','Antunes'),
('5262076a-47ff-11ee-9a6a-f8b291c11216','BeRocio','Bevis','Rocio'),
('526207b4-47ff-11ee-9a6a-f8b291c11216','SeMatias','Serena','Matias'),
('526207fe-47ff-11ee-9a6a-f8b291c11216','SiMendes','Sigourney','Mendes'),
('5262084a-47ff-11ee-9a6a-f8b291c11216','HaPaula','Hanna','Paula'),
('52620894-47ff-11ee-9a6a-f8b291c11216','HyFelipe','Hyatt','Felipe'),
('526208dc-47ff-11ee-9a6a-f8b291c11216','LiSiquei','Libby','Siqueira'),
('52620925-47ff-11ee-9a6a-f8b291c11216','CaRojas','Cassandra','Rojas'),
('52620970-47ff-11ee-9a6a-f8b291c11216','BrFagund','Brendan','Fagundes'),
('526209bf-47ff-11ee-9a6a-f8b291c11216','ChBastos','Channing','Bastos'),
('52620a08-47ff-11ee-9a6a-f8b291c11216','NodeAra','Noel','de Araujo'),
('52620a51-47ff-11ee-9a6a-f8b291c11216','AiAzizi','Aimee','Azizi'),
('52620a9a-47ff-11ee-9a6a-f8b291c11216','ZaMatias','Zachery','Matias'),
('52620ae4-47ff-11ee-9a6a-f8b291c11216','YaJoaqui','Yael','Joaquin'),

insert into sesion() values
(),(),(),(),(),(),(),(),(),(),(),
(),(),(),(),(),(),(),(),(),();

insert into inicia(usuario_ID,sesion_ID)
values
('526201bf-47ff-11ee-9a6a-f8b291c11216',1),
('5262076a-47ff-11ee-9a6a-f8b291c11216',2),
('526203b6-47ff-11ee-9a6a-f8b291c11216',3),
('526205fe-47ff-11ee-9a6a-f8b291c11216',4),
('5262064a-47ff-11ee-9a6a-f8b291c11216',5),
('52620724-47ff-11ee-9a6a-f8b291c11216',6),
('5261fd94-47ff-11ee-9a6a-f8b291c11216',7),
('5261ffc1-47ff-11ee-9a6a-f8b291c11216',8),
('5262009d-47ff-11ee-9a6a-f8b291c11216',9),
('5261f9e8-47ff-11ee-9a6a-f8b291c11216',10),
('526206dc-47ff-11ee-9a6a-f8b291c11216',11),
('5262000b-47ff-11ee-9a6a-f8b291c11216',12),
('5262048e-47ff-11ee-9a6a-f8b291c11216',13),
('526202df-47ff-11ee-9a6a-f8b291c11216',14),
('52620724-47ff-11ee-9a6a-f8b291c11216',15),
('526208dc-47ff-11ee-9a6a-f8b291c11216',16),
('5261fd94-47ff-11ee-9a6a-f8b291c11216',17),
('526205fe-47ff-11ee-9a6a-f8b291c11216',18),
('526208dc-47ff-11ee-9a6a-f8b291c11216',19),
('526208dc-47ff-11ee-9a6a-f8b291c11216',20),
('52620ae4-47ff-11ee-9a6a-f8b291c11216',21);
